variant,filesize_bytes,terms_with_ptrs,total_ptrs,runtime_average_sec
orig,393275647,0,0,0.003455638885498047
var1,273055722,6613,7941058,0.003817836840947469
var2,253432255,4393,53596,0.003915903568267823
